character_id,name,hp,phy_atk,phy_def,sp_atk,sp_def,speed,regen_value,cost_charge,slot,weak_fire,weak_water,weak_thunder,weak_ice,weak_dragon,element,skill_1,skill_2,skill_3,skill_4,image,transparent_color,tolerance,render_offset_y,species_id,display_order
character_001,ドスランポス,420,220,185,70,310,310,105,1,1,100,100,100,100,50,none,skill_001,skill_002,skill_003,skill_004,character_001.png,#ffffff,8,,bird_wyvern,1
character_002,ドスファンゴ,450,240,200,35,210,90,35,1,1,100,100,150,50,50,none,skill_001,skill_023,skill_006,,character_002.png,#ffffff,8,,fanged_beast,11
character_003,ゲリョス,470,225,280,180,190,190,70,2,1,150,100,25,100,50,none,skill_009,skill_007,skill_008,skill_011,character_003.png,#ffffff,8,,bird_wyvern,2
character_004,イャンクック,460,240,270,230,180,180,70,1,1,50,50,100,150,50,fire,skill_001,skill_007,skill_010,skill_012,character_004.png,#ffffff,8,,bird_wyvern,3
character_005,ババコンガ,510,270,205,205,205,130,70,2,2,100,100,50,50,25,none,skill_001,skill_010,skill_013,skill_014,character_005.png,#ffffff,8,,fanged_beast,12
character_006,ダイミョウザザミ,455,255,370,205,180,70,35,2,1,150,50,150,100,25,water,skill_015,skill_016,skill_017,,character_006.png,#ffffff,8,,carapaceon,21
character_007,ドスガレオス,430,240,190,240,340,170,70,1,1,25,100,100,150,50,none,skill_001,skill_003,skill_057,skill_017,character_007.png,#ffffff,8,,piscine_wyvern,31
character_008,リオレイア,505,260,225,260,400,100,70,2,2,50,100,100,50,150,fire,skill_001,skill_004,skill_018,skill_019,character_008.png,#ffffff,8,,flying_wyvern,51
character_009,ドドブランゴ,530,285,195,70,275,195,70,2,2,150,100,100,25,25,ice,skill_002,skill_010,skill_017,skill_020,character_009.png,#ffffff,8,,fanged_beast,13
character_010,ドスゲネポス,425,225,185,70,315,315,105,1,1,100,100,150,150,50,none,skill_001,skill_002,skill_003,skill_021,character_010.png,#ffffff,8,,bird_wyvern,4
character_011,ガノトトス,545,275,200,285,355,140,70,1,2,100,50,150,50,50,water,skill_001,skill_015,skill_022,skill_026,character_011.png,#ffffff,8,,piscine_wyvern,32
character_012,ショウグンギザミ,520,280,280,255,195,210,70,2,2,150,50,150,100,25,water,skill_005,skill_015,skill_016,skill_023,character_012.png,#ffffff,8,,carapaceon,22
character_013,フルフル,610,285,245,295,175,20,105,2,2,150,100,25,50,50,thunder,skill_001,skill_003,skill_024,skill_025,character_013.png,#ffffff,8,,flying_wyvern,52
character_014,グラビモス,560,265,470,330,265,40,70,2,2,25,150,50,50,100,fire,skill_026,skill_027,skill_028,skill_029,character_014.png,#ffffff,8,,flying_wyvern,53
character_015,ディアブロス,580,325,325,35,220,105,35,1,2,25,100,100,150,100,none,skill_004,skill_006,skill_017,skill_026,character_015.png,#ffffff,8,,flying_wyvern,54
character_016,リオレウス,600,300,225,300,225,300,70,1,2,25,50,100,50,150,fire,skill_001,skill_010,skill_018,skill_030,character_016.png,#ffffff,8,,flying_wyvern,55
character_017,イャンガルルガ,525,275,345,265,265,265,70,2,2,50,150,50,100,50,fire,skill_001,skill_007,skill_018,skill_019,character_017.png,#ffffff,8,,bird_wyvern,5
character_018,ティガレックス,630,340,230,35,230,230,70,2,2,25,100,150,50,100,none,skill_004,skill_003,skill_031,skill_032,character_018.png,#ffffff,8,,flying_wyvern,56
character_019,ナルガクルガ,490,280,215,105,370,460,105,2,2,100,50,150,50,50,none,skill_001,skill_002,skill_033,skill_034,character_019.png,#ffffff,8,,flying_wyvern,57
character_020,ラギアクルス,700,315,260,310,255,150,70,1,2,150,100,25,100,100,thunder,skill_001,skill_005,skill_024,skill_035,character_020.png,#ffffff,8,,leviathan,41
character_021,ルアルドロス,480,225,190,220,280,160,105,1,1,150,50,100,100,50,water,skill_001,skill_008,skill_015,skill_026,character_021.png,#ffffff,8,,leviathan,42
character_022,ウラガンキン,540,280,440,255,255,60,70,1,2,25,150,50,100,150,fire,skill_001,skill_026,skill_036,skill_037,character_022.png,#ffffff,8,,brute_wyvern,81
character_023,ジンオウガ,640,305,305,220,280,250,70,1,2,100,100,25,150,50,thunder,skill_056,skill_010,skill_035,skill_038,character_023.png,#ffffff,8,,fanged_wyvern,91
character_024,ベリオロス,540,310,240,270,270,305,35,2,2,150,100,100,25,50,ice,skill_001,skill_004,skill_039,skill_040,character_024.png,#ffffff,8,,flying_wyvern,58
character_025,ラージャン,555,380,300,300,300,220,70,1,2,50,100,25,150,50,thunder,skill_004,skill_035,skill_038,skill_041,character_025.png,#ffffff,8,,fanged_beast,13
character_026,イビルジョー,740,375,200,300,200,80,0,2,2,50,100,100,50,150,dragon,skill_046,skill_010,skill_042,skill_043,character_026.png,#ffffff,8,,brute_wyvern,82
character_027,モノブロス亜種,680,310,310,35,270,270,35,2,2,50,50,100,150,25,none,skill_001,skill_006,skill_017,skill_026,character_027.png,#ffffff,8,,flying_wyvern,59
character_028,アカムトルム,870,390,250,250,250,125,105,1,4,50,150,100,50,150,none,skill_001,skill_017,skill_026,skill_044,character_028.png,#ffffff,8,,flying_wyvern,801
character_029,エスピナス,510,335,335,240,240,200,105,1,2,25,50,50,150,50,fire,skill_001,skill_010,skill_045,skill_046,character_029.png,#ffffff,8,,flying_wyvern,60
character_030,キリン,490,250,365,365,365,440,105,2,2,150,100,25,100,25,thunder,skill_001,skill_035,skill_047,skill_048,character_030.png,#ffffff,8,,elder_dragon,201
character_031,ナナテスカトリ,705,365,340,340,340,340,35,1,3,25,100,50,150,100,fire,skill_001,skill_018,skill_049,skill_050,character_031.png,#ffffff,8,,elder_dragon,202
character_032,クシャルダオラ,790,355,420,320,320,355,35,1,3,100,100,150,25,150,ice,skill_058,skill_040,skill_050,skill_051,character_032.png,#ffffff,8,,elder_dragon,203
character_033,オオナズチ,675,345,190,290,415,290,105,2,3,150,50,50,25,150,dragon,skill_001,skill_008,skill_052,skill_053,character_033.png,#ffffff,8,,elder_dragon,204
character_034,ヤマツカミ,950,440,220,220,440,5,35,1,4,100,100,50,150,150,dragon,skill_001,skill_003,skill_050,,character_034.png,#ffffff,8,,elder_dragon,301
character_035,テオテスカトル,690,425,360,360,360,360,70,1,3,25,150,50,100,100,fire,skill_001,skill_018,skill_050,skill_054,character_035.png,#ffffff,8,,elder_dragon,205
character_036,ミラボレアス,1200,475,425,425,425,95,35,2,5,100,100,50,100,150,dragon,skill_001,skill_018,skill_050,skill_055,character_036.png,#ffffff,8,-110,elder_dragon,998
character_037,ブラキディオス,600,300,295,165,245,245,70,2,2,25,150,50,100,50,fire,skill_004,skill_002,skill_010,skill_059,character_037.png,#ffffff,8,,fanged_wyvern,83
character_038,ネルスキュラ,540,290,330,105,185,145,105,1,2,100,50,100,50,25,none,skill_001,skill_002,skill_060,skill_061,character_038.png,#ffffff,8,,temnoceran,101
character_039,タマミツネ,605,300,240,200,380,240,70,2,2,50,50,150,50,100,water,skill_062,skill_004,skill_010,skill_063,character_039.png,#ffffff,8,,leviathan,43
character_040,ディノバルド,585,320,320,260,260,185,70,1,2,25,150,50,100,100,fire,skill_001,skill_023,skill_018,skill_064,character_040.png,#ffffff,8,,fanged_wyvern,84
character_041,ガムート,860,320,200,105,155,35,35,1,2,150,50,100,25,25,ice,skill_001,skill_010,skill_020,skill_065,character_041.png,#ffffff,8,,fanged_beast,14
character_042,ライゼクス,560,295,210,305,305,410,105,2,2,50,50,25,100,50,thunder,skill_004,skill_010,skill_066,skill_024,character_042.png,#ffffff,8,,flying_wyvern,61
character_043,ガララアジャラ,590,270,315,235,235,85,70,1,2,50,100,50,150,50,none,skill_001,skill_021,skill_067,skill_068,character_043.png,#ffffff,8,,snake_wyvern,111
character_044,ゴア・マガラ,666,333,222,333,333,333,105,2,3,100,50,50,50,100,dragon,skill_001,skill_050,skill_069,skill_070,character_044.png,#ffffff,8,,unknown,302
character_045,ザボアザギル,630,260,220,270,390,155,70,1,2,150,50,100,25,50,ice,skill_001,skill_071,skill_015,skill_065,character_045.png,#ffffff,8,,amphibian,121
character_046,メラルー,250,90,90,70,70,330,105,2,1,25,25,25,25,25,none,skill_072,skill_073,skill_074,,character_046.png,#ffffff,8,,unknown,131
character_047,ウカムルバス,825,390,390,150,250,125,70,2,4,150,50,100,25,50,ice,skill_001,skill_017,skill_031,skill_020,character_047.png,#ffffff,8,,flying_wyvern,802
character_048,アルバトリオン,999,399,399,399,399,99,35,2,5,50,100,50,50,50,dragon,skill_049,skill_035,skill_020,skill_075,character_048.png,#ffffff,8,,elder_dragon,999
character_049,,,,,,,,,,,,,,,,,,,,,,,,,,
character_050,,,,,,,,,,,,,,,,,,,,,,,,,,
